{
  "Get Users API" : {
    "transaction" : "Get Users API",
    "sampleCount" : 100,
    "errorCount" : 0,
    "errorPct" : 0.0,
    "meanResTime" : 166.36999999999992,
    "medianResTime" : 114.0,
    "minResTime" : 92.0,
    "maxResTime" : 786.0,
    "pct1ResTime" : 324.9,
    "pct2ResTime" : 403.14999999999935,
    "pct3ResTime" : 783.0699999999986,
    "throughput" : 9.641342074816816,
    "receivedKBytesPerSec" : 63.8884850739973,
    "sentKBytesPerSec" : 1.817167012148091
  },
  "Total" : {
    "transaction" : "Total",
    "sampleCount" : 100,
    "errorCount" : 0,
    "errorPct" : 0.0,
    "meanResTime" : 166.36999999999992,
    "medianResTime" : 114.0,
    "minResTime" : 92.0,
    "maxResTime" : 786.0,
    "pct1ResTime" : 324.9,
    "pct2ResTime" : 403.14999999999935,
    "pct3ResTime" : 783.0699999999986,
    "throughput" : 9.641342074816816,
    "receivedKBytesPerSec" : 63.8884850739973,
    "sentKBytesPerSec" : 1.817167012148091
  }
}